Toyota Camry|$ 16 999|https://im.mashina.kg/tachka/images//7/a/b/7ab9659d1f7a857f9cfd24b76d9e711e_240x180.jpg|2019 г., 2.5 л., автомат седан, бензин руль слева, 200 000 км
Lexus GX|$ 21 500|https://im.mashina.kg/tachka/images//c/f/2/cf2fa42b7baf445d5158c618d7b2131c_240x180.jpg|2005 г., 4.7 л., автомат внедорожник 5 дв., бензин руль слева, 200 000 км
Chevrolet Monza|$ 16 800|https://im.mashina.kg/tachka/images//6/2/1/621c1b4b31ed50ab9abf95014e223afd_240x180.jpg|2023 г., 1.3 л., автомат седан, бензин руль слева, 50 км
Mercedes-Benz S-класс|$ 45 000|https://im.mashina.kg/tachka/images//6/d/d/6dd33a7084458e0ed40061485d3dc7e8_240x180.jpg|2016 г., 3 л., автомат седан, дизель руль слева, 187 950 км
Kia K7|$ 22 000|https://im.mashina.kg/tachka/images//7/8/d/78ddebab04e13e4a89c6ca61f617b86e_240x180.jpg|2019 г., 3 л., автомат седан, бензин руль слева, 140 000 км
Land Rover Range Rover|$ 83 500|https://im.mashina.kg/tachka/images//b/9/e/b9e87d9c54451ddf92dacedd127161cd_240x180.jpg|2018 г., 4.4 л., автомат внедорожник 5 дв., дизель руль слева, 106 000 км
JAC T9 Hunter|$ 31 500|https://im.mashina.kg/tachka/images//6/5/a/65a0f2496a893f8824e7389e5a159c1f_240x180.jpg|2023 г., 2 л., автомат пикап двойная кабина, бензин руль слева новый
Lexus LX|$ 44 500|https://im.mashina.kg/tachka/images//d/6/2/d6253429a6e064811a1a4db168842217_240x180.jpg|2013 г., 5.7 л., автомат внедорожник 5 дв., бензин руль слева, 150 000 км
Changan UNI-K|$ 29 300|https://im.mashina.kg/tachka/images//3/0/1/30137d8e02629327263391e2c1e7b7f3_240x180.jpg|2023 г., 2 л., автомат внедорожник 5 дв., бензин руль слева
Kia Seltos|$ 22 500|https://im.mashina.kg/tachka/images//1/3/9/139afaff86ac171d23fca7425bc2b8d5_240x180.jpg|2023 г., 1.6 л., автомат внедорожник 5 дв., бензин руль слева
LiXiang L9|$ 68 500|https://im.mashina.kg/tachka/images//c/b/9/cb9ab8c8cb1cbb22b871af23927ec959_240x180.jpg|2023 г., 1.5 л., автомат внедорожник 5 дв., гибрид руль слева, 10 км
Lexus GX|$ 24 200|https://im.mashina.kg/tachka/images//6/b/b/6bba7b346dda8a7b20c85d023327eae5_240x180.jpg|2005 г., 4.7 л., автомат внедорожник 5 дв., бензин руль слева, 150 000 км
Toyota Camry|$ 11 500|https://im.mashina.kg/tachka/images//c/2/5/c25406d92f71b8fbc380c8bf12993848_240x180.jpg|2005 г., 2.4 л., автомат седан, бензин руль слева, 250 000 км
Toyota Land Cruiser|$ 30 591|https://im.mashina.kg/tachka/images//3/b/e/3bec3afe70a3c586a4d568edcb3e17fc_240x180.jpg|2008 г., 4.5 л., автомат внедорожник 5 дв., дизель руль слева, 243 000 км
Mercedes-Benz E-класс|$ 36 000|https://im.mashina.kg/tachka/images//1/b/6/1b63ccb5d9ef55670783bb4c52226462_240x180.jpg|2016 г., 2 л., автомат седан, дизель руль слева, 150 000 км
BMW X7|$ 115 000|https://im.mashina.kg/tachka/images//4/7/3/473517f3de559eba21f53d768bd7063c_240x180.jpg|2021 г., 3 л., автомат внедорожник 5 дв., бензин руль слева, 35 000 км
Toyota Camry|$ 35 500|https://im.mashina.kg/tachka/images//e/3/f/e3f8c17aabd2d87080f1ff22db4ffc69_240x180.jpg|2018 г., 3.5 л., автомат седан, бензин руль слева, 62 000 км
Kia K9|$ 55 000|https://im.mashina.kg/tachka/images//6/d/e/6de97f390923cd46472c85326c862ddb_240x180.jpg|2022 г., 3.8 л., автомат седан, бензин руль слева, 28 000 км
BMW 7 серии|$ 88 500|https://im.mashina.kg/tachka/images//d/3/8/d3864dfa211eabae146673ed4ba683e6_240x180.jpg|2020 г., 3 л., автомат седан, дизель руль слева, 53 000 км
Lexus ES|$ 49 900|https://im.mashina.kg/tachka/images//2/5/2/2520690b375371856cc8b411eab4c780_240x180.jpg|2019 г., 3.5 л., автомат седан, бензин руль слева, 33 000 км
Toyota Camry|$ 16 999|https://im.mashina.kg/tachka/images//7/a/b/7ab9659d1f7a857f9cfd24b76d9e711e_240x180.jpg|2019 г., 2.5 л., автомат седан, бензин руль слева, 200 000 км
Lexus GX|$ 21 500|https://im.mashina.kg/tachka/images//c/f/2/cf2fa42b7baf445d5158c618d7b2131c_240x180.jpg|2005 г., 4.7 л., автомат внедорожник 5 дв., бензин руль слева, 200 000 км
Chevrolet Monza|$ 16 800|https://im.mashina.kg/tachka/images//6/2/1/621c1b4b31ed50ab9abf95014e223afd_240x180.jpg|2023 г., 1.3 л., автомат седан, бензин руль слева, 50 км
Mercedes-Benz S-класс|$ 45 000|https://im.mashina.kg/tachka/images//6/d/d/6dd33a7084458e0ed40061485d3dc7e8_240x180.jpg|2016 г., 3 л., автомат седан, дизель руль слева, 187 950 км
Kia K7|$ 22 000|https://im.mashina.kg/tachka/images//7/8/d/78ddebab04e13e4a89c6ca61f617b86e_240x180.jpg|2019 г., 3 л., автомат седан, бензин руль слева, 140 000 км
Land Rover Range Rover|$ 83 500|https://im.mashina.kg/tachka/images//b/9/e/b9e87d9c54451ddf92dacedd127161cd_240x180.jpg|2018 г., 4.4 л., автомат внедорожник 5 дв., дизель руль слева, 106 000 км
JAC T9 Hunter|$ 31 500|https://im.mashina.kg/tachka/images//6/5/a/65a0f2496a893f8824e7389e5a159c1f_240x180.jpg|2023 г., 2 л., автомат пикап двойная кабина, бензин руль слева новый
Lexus LX|$ 44 500|https://im.mashina.kg/tachka/images//d/6/2/d6253429a6e064811a1a4db168842217_240x180.jpg|2013 г., 5.7 л., автомат внедорожник 5 дв., бензин руль слева, 150 000 км
Changan UNI-K|$ 29 300|https://im.mashina.kg/tachka/images//3/0/1/30137d8e02629327263391e2c1e7b7f3_240x180.jpg|2023 г., 2 л., автомат внедорожник 5 дв., бензин руль слева
Kia Seltos|$ 22 500|https://im.mashina.kg/tachka/images//1/3/9/139afaff86ac171d23fca7425bc2b8d5_240x180.jpg|2023 г., 1.6 л., автомат внедорожник 5 дв., бензин руль слева
LiXiang L9|$ 68 500|https://im.mashina.kg/tachka/images//c/b/9/cb9ab8c8cb1cbb22b871af23927ec959_240x180.jpg|2023 г., 1.5 л., автомат внедорожник 5 дв., гибрид руль слева, 10 км
Lexus GX|$ 24 200|https://im.mashina.kg/tachka/images//6/b/b/6bba7b346dda8a7b20c85d023327eae5_240x180.jpg|2005 г., 4.7 л., автомат внедорожник 5 дв., бензин руль слева, 150 000 км
Toyota Camry|$ 11 500|https://im.mashina.kg/tachka/images//c/2/5/c25406d92f71b8fbc380c8bf12993848_240x180.jpg|2005 г., 2.4 л., автомат седан, бензин руль слева, 250 000 км
Toyota Land Cruiser|$ 30 591|https://im.mashina.kg/tachka/images//3/b/e/3bec3afe70a3c586a4d568edcb3e17fc_240x180.jpg|2008 г., 4.5 л., автомат внедорожник 5 дв., дизель руль слева, 243 000 км
Mercedes-Benz E-класс|$ 36 000|https://im.mashina.kg/tachka/images//1/b/6/1b63ccb5d9ef55670783bb4c52226462_240x180.jpg|2016 г., 2 л., автомат седан, дизель руль слева, 150 000 км
BMW X7|$ 115 000|https://im.mashina.kg/tachka/images//4/7/3/473517f3de559eba21f53d768bd7063c_240x180.jpg|2021 г., 3 л., автомат внедорожник 5 дв., бензин руль слева, 35 000 км
Toyota Camry|$ 35 500|https://im.mashina.kg/tachka/images//e/3/f/e3f8c17aabd2d87080f1ff22db4ffc69_240x180.jpg|2018 г., 3.5 л., автомат седан, бензин руль слева, 62 000 км
Kia K9|$ 55 000|https://im.mashina.kg/tachka/images//6/d/e/6de97f390923cd46472c85326c862ddb_240x180.jpg|2022 г., 3.8 л., автомат седан, бензин руль слева, 28 000 км
BMW 7 серии|$ 88 500|https://im.mashina.kg/tachka/images//d/3/8/d3864dfa211eabae146673ed4ba683e6_240x180.jpg|2020 г., 3 л., автомат седан, дизель руль слева, 53 000 км
Lexus ES|$ 49 900|https://im.mashina.kg/tachka/images//2/5/2/2520690b375371856cc8b411eab4c780_240x180.jpg|2019 г., 3.5 л., автомат седан, бензин руль слева, 33 000 км
Volkswagen ID.4|$ 28 500|https://im.mashina.kg/tachka/images//7/1/3/713ebfabe1c6afee23fdae6c3cca8d96_240x180.jpg|2022 г., автомат внедорожник 5 дв., электро руль слева, 7 500 км
Geely Binyue Cool|$ 24 000|https://im.mashina.kg/tachka/images//0/e/4/0e40ee483f508120a65e2d26e5cd84e7_240x180.jpg|2023 г., 1.5 л., робот внедорожник 5 дв., бензин руль слева, 20 км
Honda Jazz|$ 8 400|https://im.mashina.kg/tachka/images//8/3/c/83c955d39719c9d4a816969ef6cbf1c8_240x180.jpg|2007 г., 1.3 л., вариатор хэтчбек 5 дв., бензин руль слева, 200 000 км
Toyota Corolla|$ 12 800|https://im.mashina.kg/tachka/images//e/c/b/ecbd39016a7fe735e67955f3aa114a5e_240x180.jpg|2011 г., 1.6 л., автомат седан, бензин руль слева, 97 000 км
Hyundai Palisade|$ 42 000|https://im.mashina.kg/tachka/images//4/1/d/41d076dc70fe7040f65405e6fee0b589_240x180.jpg|2022 г., 3.8 л., автомат внедорожник 5 дв., бензин руль слева, 3 985 км
Lexus RX|$ 27 900|https://im.mashina.kg/tachka/images//5/d/8/5d834bd0c2c7f8418459487b6c408e89_240x180.jpg|2014 г., 3.5 л., автомат внедорожник 5 дв., бензин руль слева, 230 000 км
Genesis GV80|$ 83 000|https://im.mashina.kg/tachka/images//1/e/9/1e9f4fff0af0dec702b87592aefea7f0_240x180.jpg|2021 г., 3.5 л., автомат внедорожник 5 дв., бензин руль слева, 4 300 км
Land Rover Range Rover|$ 43 000|https://im.mashina.kg/tachka/images//1/9/1/191daae166bade381eda4062aff36ea5_240x180.jpg|2013 г., 4.4 л., автомат внедорожник 5 дв., дизель руль слева, 160 000 км
Toyota Camry|$ 36 500|https://im.mashina.kg/tachka/images//3/3/6/336ffb5bf00ca69d9b3638cf213e56fd_240x180.jpg|2023 г., 2.5 л., автомат седан, бензин руль слева, 14 км
Toyota Land Cruiser|$ 30 000|https://im.mashina.kg/tachka/images//b/9/f/b9f3f8364c278c56d5675c0276035d69_240x180.jpg|2008 г., 4.7 л., автомат внедорожник 5 дв., бензин руль слева, 211 000 км
Toyota RAV4|$ 18 200|https://im.mashina.kg/tachka/images//5/0/2/5023337b7d227cfec6fd0534ac1f5e24_240x180.jpg|2018 г., 2.5 л., автомат внедорожник 5 дв., бензин руль слева, 82 000 км
Audi A6|$ 3 295|https://im.mashina.kg/tachka/images//2/4/9/249dcc70d8174226929d67467c13d657_240x180.jpg|1994 г., 2.6 л., механика седан, бензин руль слева
Toyota Highlander|$ 18 800|https://im.mashina.kg/tachka/images//5/b/a/5baf7fc5f34878aee8c49640ec9609cd_240x180.jpg|2008 г., 3.3 л., вариатор внедорожник 5 дв., гибрид руль слева, 200 000 км
Lexus CT|$ 15 700|https://im.mashina.kg/tachka/images//e/2/b/e2b9091e17fe0329a6bf99f9504a094d_240x180.jpg|2015 г., 1.8 л., вариатор хэтчбек 5 дв., гибрид руль слева, 97 111 км
Haval H5|$ 30 999|https://im.mashina.kg/tachka/images//6/2/b/62bb3854e1019a6cb7143bc7a10805bd_240x180.jpg|2023 г., 2 л., автомат внедорожник 5 дв., бензин руль слева, 12 км
Geely Monjaro|$ 32 500|https://im.mashina.kg/tachka/images//e/9/8/e98548226fb45961f6709c0e5c5c8894_240x180.jpg|2023 г., 2 л., автомат внедорожник 5 дв., бензин руль слева
EXEED RX|$ 33 400|https://im.mashina.kg/tachka/images//f/b/e/fbe3d1a9b7e657203b8416c6e2554873_240x180.jpg|2023 г., 2 л., робот внедорожник 5 дв., бензин руль слева, 10 км
Toyota Camry|$ 18 500|https://im.mashina.kg/tachka/images//6/7/5/6750b1839a7386436c7e4ad446e46a13_240x180.jpg|2016 г., 2.5 л., автомат седан, бензин руль слева, 134 000 км
Toyota RAV4|$ 28 000|https://im.mashina.kg/tachka/images//6/9/e/69ebfc69bfd8ee1ded3eb422e7b46228_240x180.jpg|2019 г., 2.5 л., автомат внедорожник 5 дв., гибрид руль слева, 120 000 км
Voyah Free|$ 38 400|https://im.mashina.kg/tachka/images//1/a/0/1a02430ba65509eb3f45d620504f5819_240x180.jpg|2023 г., 1.5 л., автомат внедорожник 5 дв., гибрид руль слева
Kia K7|$ 17 000|https://im.mashina.kg/tachka/images//8/7/3/873d771f11ba00dfaf194d4f4567dbc1_240x180.jpg|2017 г., 3 л., автомат седан, газ руль слева, 154 000 км
Toyota Alphard|$ 16 500|https://im.mashina.kg/tachka/images//5/a/0/5a056ad80d61d1a316be00611daf890d_240x180.jpg|2006 г., 3 л., автомат минивэн, бензин руль справа, 73 000 км
Toyota Crown|$ 10 900|https://im.mashina.kg/tachka/images//0/e/8/0e802d459820e32e75c5ce6a0c092182_240x180.jpg|2006 г., 3.5 л., автомат седан, бензин руль справа, 99 000 км
Land Rover Range Rover|$ 115 000|https://im.mashina.kg/tachka/images//a/d/3/ad35c392a6282967c38dcf9a7ca15552_240x180.jpg|2019 г., 2 л., автомат внедорожник 5 дв., гибрид руль слева, 38 000 км
Toyota Camry|$ 24 700|https://im.mashina.kg/tachka/images//c/3/1/c3103e2a1a6c529286f5dbea915e2717_240x180.jpg|2018 г., 2.5 л., автомат седан, бензин руль слева, 78 000 км
Geely Monjaro|$ 34 000|https://im.mashina.kg/tachka/images//6/b/f/6bf0f73ba5b0870b0043e5fe4ca16369_240x180.jpg|2023 г., 2 л., автомат внедорожник 5 дв., бензин руль слева, 400 км
EXEED LX|$ 23 999|https://im.mashina.kg/tachka/images//7/f/f/7ffb112cc4fb8300f93aac9007b10a29_240x180.jpg|2023 г., 1.6 л., робот внедорожник 5 дв., бензин руль слева, 12 км
Lexus GX|$ 23 700|https://im.mashina.kg/tachka/images//a/c/e/aceafa2aea0a6e25f7fed50922c13845_240x180.jpg|2005 г., 4.7 л., автомат внедорожник 5 дв., бензин руль слева, 200 000 км
Changan UNI-K|$ 24 700|https://im.mashina.kg/tachka/images//b/8/3/b834884cd93133343e61a9574a07ca88_240x180.jpg|2023 г., 2 л., автомат внедорожник 5 дв., бензин руль слева, 25 км
Lexus GX|$ 22 500|https://im.mashina.kg/tachka/images//4/b/2/4b2d7bd3c3e0c143dbb6de326f9cda35_240x180.jpg|2005 г., 4.7 л., автомат внедорожник 5 дв., бензин руль слева, 188 000 км
Kia K5 II Седан|$ 17 000|https://im.mashina.kg/tachka/images//1/e/3/1e3de4077456727a657c18687f971fae_240x180.jpg|2019 г., 2 л., автомат седан, газ руль слева, 93 000 км
Changan UNI-K|$ 29 999|https://im.mashina.kg/tachka/images//7/6/5/765f3eabf2918fbeb58e4760daa70fd2_240x180.jpg|2023 г., 2 л., автомат внедорожник 5 дв., бензин руль слева, 12 км
Subaru Outback|$ 18 300|https://im.mashina.kg/tachka/images//3/5/d/35d01aa5bf9631ca8c01fdf130a38a5e_240x180.jpg|2017 г., 2.5 л., вариатор универсал, бензин руль слева, 105 000 км
Kia Sportage|$ 18 700|https://im.mashina.kg/tachka/images//a/e/8/ae887f2ddfa09a8c7518bbe1b77b1d58_240x180.jpg|2017 г., 2 л., автомат внедорожник 5 дв., дизель руль слева, 123 000 км
Kia Sorento|$ 23 800|https://im.mashina.kg/tachka/images//6/4/f/64f7273d7420ba884c8b74f45ebb5149_240x180.jpg|2018 г., 2 л., автомат внедорожник 5 дв., дизель руль слева, 149 000 км
Toyota Camry|$ 23 000|https://im.mashina.kg/tachka/images//1/f/9/1f9b3153ad38e0218c03f3fd7d1199b0_240x180.jpg|2017 г., 2.5 л., вариатор седан, гибрид руль слева, 49 500 км
Voyah Free|$ 51 000|https://im.mashina.kg/tachka/images//b/b/0/bb00fffebb8a6b3c66d4c041a24eb224_240x180.jpg|2023 г., 1.5 л., автомат внедорожник 5 дв., гибрид руль слева, 12 км
Voyah Free|$ 45 000|https://im.mashina.kg/tachka/images//c/2/9/c293795bbb3716d2218930594690e9f9_240x180.jpg|2023 г., 1.5 л., автомат внедорожник 5 дв., гибрид руль слева, 1 км
Hyundai Elantra|$ 18 500|https://im.mashina.kg/tachka/images//a/c/3/ac32ca665a53f96682b059a9a8a26c84_240x180.jpg|2023 г., 1.4 л., робот седан, бензин руль слева, 5 км
Toyota Avalon|$ 28 000|https://im.mashina.kg/tachka/images//4/e/f/4ef652bcff7ab0b7d0247d56a7006ae6_240x180.jpg|2023 г., 2 л., вариатор седан, бензин руль слева, 5 км
BMW X5|$ 53 000|https://im.mashina.kg/tachka/images//a/b/7/ab70447da06ad5cb20b5207c6711ec13_240x180.jpg|2017 г., 3 л., автомат внедорожник 5 дв., дизель руль слева, 128 000 км
Kia Morning|$ 10 000|https://im.mashina.kg/tachka/images//c/9/f/c9fbd909cbe9fb2a66aac27813282412_240x180.jpg|2017 г., 1 л., автомат хэтчбек 5 дв., бензин руль слева, 93 000 км
Geely Monjaro|$ 31 800|https://im.mashina.kg/tachka/images//3/2/6/326623d9ca83cfc23bfd3ccbb40b4040_240x180.jpg|2023 г., 2 л., автомат внедорожник 5 дв., бензин руль слева, 1 км
Lexus RX|$ 81 500|https://im.mashina.kg/tachka/images//b/0/0/b00d2dced26256b3b96db7f4351d8e4c_240x180.jpg|2023 г., 2.4 л., автомат внедорожник 5 дв., бензин руль слева, 75 км
Mercedes-Benz E-класс|$ 17 500|https://im.mashina.kg/tachka/images//5/4/a/54ad0c9d677b7853713af16a56bf7a76_240x180.jpg|2011 г., 3 л., автомат седан, бензин руль слева, 139 000 км
Toyota Land Cruiser|$ 55 000|https://im.mashina.kg/tachka/images//c/0/6/c060f4b0b7b68fbdae61c7fcecd88f8c_240x180.jpg|2013 г., 4.6 л., автомат внедорожник 5 дв., бензин руль слева, 146 000 км
Mercedes-Benz G-класс AMG|$ 169 000|https://im.mashina.kg/tachka/images//a/1/8/a18fba0b93f185271bbda0b9de6f5549_240x180.jpg|2019 г., 4 л., автомат внедорожник 5 дв., бензин руль слева, 95 000 км
Toyota Camry|$ 17 900|https://im.mashina.kg/tachka/images//6/b/7/6b7744aaf4173895bf5f01b32faa0b9d_240x180.jpg|2019 г., 2.5 л., вариатор седан, гибрид руль слева, 80 000 км
Lexus NX|$ 24 000|https://im.mashina.kg/tachka/images//a/0/d/a0d19e9d7428608e2ac44657188d8692_240x180.jpg|2019 г., 2 л., автомат внедорожник 5 дв., бензин руль слева, 59 900 км
Lexus LX|$ 92 000|https://im.mashina.kg/tachka/images//1/b/a/1ba9bd84a22f9e02689c01cfe220273e_240x180.jpg|2016 г., 5.7 л., автомат внедорожник 5 дв., бензин руль слева, 112 000 км
Geely Atlas Pro|$ 25 000|https://im.mashina.kg/tachka/images//6/a/d/6ad0a38fccdb24e810fb324b53ee675f_240x180.jpg|2023 г., 1.5 л., автомат внедорожник 5 дв., бензин руль слева, 10 км
Kia K7|$ 18 500|https://im.mashina.kg/tachka/images//8/5/0/850b4933b062f771d27d10b66fb10bf0_240x180.jpg|2018 г., 2.4 л., автомат седан, бензин руль слева, 157 669 км
Hyundai Santa Fe|$ 17 700|https://im.mashina.kg/tachka/images//b/1/9/b194209050fe5a08754ef7f547d7fb61_240x180.jpg|2017 г., 2.2 л., автомат внедорожник 5 дв., дизель руль слева, 208 000 км
Toyota Camry|$ 26 400|https://im.mashina.kg/tachka/images//2/3/8/23871e1ef8367dec65eac354f7bd64a5_240x180.jpg|2019 г., 2.5 л., вариатор седан, гибрид руль слева, 130 000 км
EXEED RX|$ 33 300|https://im.mashina.kg/tachka/images//e/d/b/edb2cb3cb24b325b526e1bed947732eb_240x180.jpg|2023 г., 2 л., робот внедорожник 5 дв., бензин руль слева, 1 км
Toyota Avalon|$ 32 500|https://im.mashina.kg/tachka/images//7/c/7/7c76e2716dba7a99fadf374b59212ae1_240x180.jpg|2023 г., 2 л., вариатор седан, бензин руль слева, 17 км
Toyota RAV4|$ 28 500|https://im.mashina.kg/tachka/images//8/d/d/8dd6ab825297f97622e4952e78f37646_240x180.jpg|2020 г., 2.5 л., автомат внедорожник 5 дв., бензин руль слева, 128 000 км
Toyota Wish|$ 8 350|https://im.mashina.kg/tachka/images//1/5/6/156e650b13596a7c6dea7a95c70e6dc6_240x180.jpg|2003 г., 1.8 л., автомат компактвэн, бензин руль справа, 280 000 км
Fiat 500|$ 6 999|https://im.mashina.kg/tachka/images//5/a/0/5a063de24a88bce95b90022358f9a331_240x180.jpg|2012 г., 1.4 л., автомат хэтчбек 3 дв., бензин руль слева, 219 000 км
Toyota Hilux|$ 11 900|https://im.mashina.kg/tachka/images//6/b/2/6b234c492c3239dafe63dfa8fc248f19_240x180.jpg|2010 г., 2.7 л., механика пикап двойная кабина, бензин руль слева, 266 000 км
Toyota Crown|$ 9 999|https://im.mashina.kg/tachka/images//c/4/a/c4a8ab33ec296058fb0da244ccda9cb2_240x180.jpg|2004 г., 3 л., автомат седан, бензин руль справа, 235 000 км
Honda Stream|$ 5 696|https://im.mashina.kg/tachka/images//b/d/7/bd7e2ec3f5ecea0c67a329a10db76c4d_240x180.jpg|2002 г., 1.7 л., автомат компактвэн, бензин руль справа, 350 000 км
Geely Atlas Pro|$ 24 000|https://im.mashina.kg/tachka/images//6/c/d/6cd64ecf70c951e4baca8da033313d1c_240x180.jpg|2023 г., 1.5 л., автомат внедорожник 5 дв., бензин руль слева, 10 км
BMW X5|$ 64 850|https://im.mashina.kg/tachka/images//f/d/2/fd2cd70c4764937438a6ef42e0436cb2_240x180.jpg|2019 г., 3 л., автомат внедорожник 5 дв., бензин руль слева, 95 000 км
Geely Monjaro|$ 30 700|https://im.mashina.kg/tachka/images//e/c/b/ecb86d236fb18e1505d79c823e7f2a83_240x180.jpg|2023 г., 2 л., автомат внедорожник 5 дв., бензин руль слева, 8 км
Kia Carnival|$ 35 999|https://im.mashina.kg/tachka/images//6/2/0/6208abbc00be2c5fd9ec2a32a4b9bc1e_240x180.jpg|2020 г., 2.2 л., автомат минивэн, дизель руль слева, 44 000 км
Toyota Camry|$ 20 500|https://im.mashina.kg/tachka/images//4/f/1/4f11cf5912510e9f7e3fd7ecda365ff1_240x180.jpg|2019 г., 2.5 л., автомат седан, бензин руль слева, 80 000 км
Chevrolet Spark|$ 8 500|https://im.mashina.kg/tachka/images//0/8/5/085b9d6dade356f9378aa745d4da2ab5_240x180.jpg|2017 г., 1 л., вариатор хэтчбек 5 дв., бензин руль слева, 118 000 км
Hyundai Santa Fe|$ 21 500|https://im.mashina.kg/tachka/images//b/5/6/b56538818e950fc4650a1724fe4bba7e_240x180.jpg|2017 г., 2 л., автомат внедорожник 5 дв., дизель руль слева, 73 000 км
Kia Carnival|$ 39 999|https://im.mashina.kg/tachka/images//9/7/e/97e0a07937a0ffda5c72b93ca4532750_240x180.jpg|2021 г., 2.2 л., автомат минивэн, дизель руль слева, 55 000 км
Lexus ES|$ 27 999|https://im.mashina.kg/tachka/images//9/8/9/9894029220f3bb7d3717074f2e02fac5_240x180.jpg|2017 г., 2.5 л., вариатор седан, гибрид руль слева, 87 000 км
Genesis G70|$ 24 000|https://im.mashina.kg/tachka/images//d/7/6/d766dbffa6491d4db6ce3cfbb98e0721_240x180.jpg|2019 г., 2.2 л., автомат седан, дизель руль слева, 123 000 км
Toyota Camry|$ 14 999|https://im.mashina.kg/tachka/images//b/9/4/b947f9205284dfe3e78ac1b04f8503ca_240x180.jpg|2014 г., 2.5 л., автомат седан, бензин руль слева, 150 000 км
Toyota Camry|$ 36 000|https://im.mashina.kg/tachka/images//d/1/a/d1ad447804f8af211972358f7f637b86_240x180.jpg|2023 г., 2.5 л., автомат седан, бензин руль слева
LiXiang L9|$ 72 000|https://im.mashina.kg/tachka/images//f/6/4/f64da992bb98bf3df24d981a47270b4e_240x180.jpg|2023 г., 1.5 л., автомат внедорожник 5 дв., гибрид руль слева, 25 км
Kia K7|$ 21 500|https://im.mashina.kg/tachka/images//a/6/c/a6c8d305979fc68a57b85aabc4d8cbb0_240x180.jpg|2020 г., 3 л., автомат седан, газ руль слева, 243 000 км
Changan UNI-T|$ 24 000|https://im.mashina.kg/tachka/images//f/f/3/ff3c0115d8142a3e617b13fb7dd5960f_240x180.jpg|2023 г., 1.5 л., робот внедорожник 5 дв., бензин руль слева, 35 км
Kia Sportage|$ 16 500|https://im.mashina.kg/tachka/images//8/a/3/8a3d8d4696c04ca17b7e70aef588728a_240x180.jpg|2018 г., 1.6 л., робот внедорожник 5 дв., дизель руль слева, 140 000 км
LiXiang L9|$ 72 000|https://im.mashina.kg/tachka/images//b/8/0/b80d9e8300fcf91de0a523a53bebd7bd_240x180.jpg|2023 г., 1.5 л., автомат внедорожник 5 дв., гибрид руль слева, 30 км
Kia Sportage|$ 19 500|https://im.mashina.kg/tachka/images//e/b/6/eb67942b332e9eb537c9de6d185ef521_240x180.jpg|2017 г., 2 л., автомат внедорожник 5 дв., дизель руль слева, 158 000 км
Kia K5 III Седан|$ 21 500|https://im.mashina.kg/tachka/images//3/f/d/3fd0e15c9bd472444ea92b825cec6a84_240x180.jpg|2021 г., 1.6 л., автомат седан, бензин руль слева, 90 000 км
Toyota Land Cruiser|$ 89 000|https://im.mashina.kg/tachka/images//9/c/2/9c2e853a8e81ffd9ee0e6b37318bdb69_240x180.jpg|2019 г., 4.6 л., автомат внедорожник 5 дв., бензин руль слева, 37 000 км
BMW X5|$ 36 800|https://im.mashina.kg/tachka/images//a/3/4/a3431272032d84207966b836298d1aab_240x180.jpg|2015 г., 4.4 л., автомат внедорожник 5 дв., бензин руль слева, 122 000 км
BMW X5|$ 79 000|https://im.mashina.kg/tachka/images//0/c/2/0c20f7435874e43afedfbfdd0b808476_240x180.jpg|2018 г., 4.4 л., автомат внедорожник 5 дв., бензин руль слева, 90 000 км
Zeekr 009|$ 97 000|https://im.mashina.kg/tachka/images//c/5/0/c50522c4ee83421b33937f1c7cdac426_240x180.jpg|2023 г., автомат минивэн, электро руль слева, 5 км
EXEED RX|$ 33 400|https://im.mashina.kg/tachka/images//c/6/e/c6e08791ef039ac7d8db11f206b4860b_240x180.jpg|2023 г., 2 л., автомат внедорожник 5 дв., бензин руль слева, 1 км
Toyota Camry|$ 25 200|https://im.mashina.kg/tachka/images//a/2/a/a2a2c07ee10678b832a65a0c7cfd939b_240x180.jpg|2018 г., 2.5 л., вариатор седан, гибрид руль слева, 50 000 км
Renault Samsung SM6|$ 12 500|https://im.mashina.kg/tachka/images//c/b/4/cb436d90740fb26d5530a72abc298b15_240x180.jpg|2016 г., вариатор седан, газ руль слева, 170 000 км
Lexus ES|$ 55 000|https://im.mashina.kg/tachka/images//7/f/5/7f53bff31b123dbd229ff68172524f91_240x180.jpg|2022 г., 2.5 л., вариатор седан, гибрид руль слева, 8 590 км
Kia Sorento|$ 34 000|https://im.mashina.kg/tachka/images//f/1/e/f1e1389a0a058fb10151ce804bbdf3cb_240x180.jpg|2021 г., 1.6 л., автомат внедорожник 5 дв., гибрид руль слева, 27 000 км
Subaru Outback|$ 19 300|https://im.mashina.kg/tachka/images//1/1/e/11e1508bf17f28bb5eee105f7d71a5d8_240x180.jpg|2017 г., 2.5 л., вариатор универсал, бензин руль слева, 90 000 км
EXEED RX|$ 33 100|https://im.mashina.kg/tachka/images//2/a/b/2aba688bd1df7052661b0669da8e1b7c_240x180.jpg|2023 г., 2 л., робот внедорожник 5 дв., бензин руль слева, 30 км
Hyundai Palisade|$ 45 000|https://im.mashina.kg/tachka/images//a/9/a/a9a156d02da2a6b3142f9579579380b5_240x180.jpg|2020 г., 3.8 л., автомат внедорожник 5 дв., бензин руль слева, 50 000 км
Toyota Camry (Japan)|$ 27 000|https://im.mashina.kg/tachka/images//5/d/c/5dc926d438d8d0148bc6813245a35ed4_240x180.jpg|2018 г., 2.5 л., автомат седан, бензин руль слева, 65 000 км
Hyundai Avante|$ 10 000|https://im.mashina.kg/tachka/images//5/c/7/5c7662c44a9e5b5c29182d3dcee57c02_240x180.jpg|2011 г., 1.6 л., автомат седан, бензин руль слева, 186 242 км
Toyota Camry|$ 14 500|https://im.mashina.kg/tachka/images//3/7/1/3714b88e87912d4643b98dab32800f47_240x180.jpg|2012 г., 2.5 л., автомат седан, бензин руль слева, 180 000 км
Toyota RAV4|$ 11 000|https://im.mashina.kg/tachka/images//c/7/7/c771e6f5059dd5c742350b3ea5c8c300_240x180.jpg|2012 г., 2.5 л., автомат внедорожник 5 дв., бензин руль слева, 110 000 км
Changan UNI-K|$ 29 500|https://im.mashina.kg/tachka/images//f/3/6/f366a06cb8d7c2f8a9bbb1bade355338_240x180.jpg|2023 г., 2 л., автомат внедорожник 5 дв., бензин руль слева, 1 км
Subaru Outback|$ 21 500|https://im.mashina.kg/tachka/images//a/3/c/a3c5a25625ce44bb20dfd42dff08c9e8_240x180.jpg|2018 г., 2.5 л., вариатор универсал, бензин руль слева, 75 000 км
Toyota Corolla|$ 19 500|https://im.mashina.kg/tachka/images//7/6/8/76865abb6a36fd22209dfd3da4786224_240x180.jpg|2023 г., 1.2 л., вариатор хэтчбек 5 дв., бензин руль слева, 20 км
BMW X7|$ 139 000|https://im.mashina.kg/tachka/images//f/d/6/fd69b0e602f8a81c22309c09b5bce7f3_240x180.jpg|2021 г., 3 л., автомат внедорожник 5 дв., бензин руль слева, 2 000 км
Geely Monjaro|$ 32 500|https://im.mashina.kg/tachka/images//a/4/a/a4a0219d24c0740b2926e9aeaa70b64c_240x180.jpg|2023 г., 2 л., автомат внедорожник 5 дв., бензин руль слева, 32 км
Geely Atlas Pro|$ 23 800|https://im.mashina.kg/tachka/images//4/1/2/412813c99a25ca9e0b24f7b0aa56c7a0_240x180.jpg|2023 г., 1.5 л., автомат внедорожник 5 дв., бензин руль слева, 20 км
Toyota Corolla|$ 21 500|https://im.mashina.kg/tachka/images//5/8/c/58cd13f38ea9fa30325355a6172fd8e4_240x180.jpg|2020 г., 1.8 л., вариатор седан, бензин руль слева, 60 000 км
Kia K7|$ 25 500|https://im.mashina.kg/tachka/images//5/0/5/5059553ad0df6a9c2970266aca6bff12_240x180.jpg|2019 г., 2.5 л., автомат седан, бензин руль слева, 112 000 км
Geely Atlas Pro|$ 24 000|https://im.mashina.kg/tachka/images//b/b/8/bb850da119c34429d6c0649054694142_240x180.jpg|2023 г., 1.5 л., автомат внедорожник 5 дв., бензин руль слева, 15 км
Geely Okavango|$ 26 500|https://im.mashina.kg/tachka/images//b/9/3/b93443b3bf74d215ae62e1a74926bc8a_240x180.jpg|2023 г., 2 л., робот внедорожник 5 дв., бензин руль слева
Geely Atlas Pro|$ 24 000|https://im.mashina.kg/tachka/images//a/b/2/ab2c6a088486308f7110c1d0a8fd0ac7_240x180.jpg|2023 г., 1.5 л., автомат внедорожник 5 дв., бензин руль слева
Toyota Camry|$ 22 800|https://im.mashina.kg/tachka/images//2/0/9/2094b0f04e3a7eb88e2d8fde4f563725_240x180.jpg|2021 г., 2.5 л., автомат седан, бензин руль слева, 55 000 км
Volkswagen ID.4|$ 25 000|https://im.mashina.kg/tachka/images//1/d/2/1d256d68c482be1ac464147bfb575858_240x180.jpg|2021 г., автомат внедорожник 5 дв., электро руль слева, 18 000 км
Geely Preface|$ 24 600|https://im.mashina.kg/tachka/images//e/2/a/e2a2d8c311ed1635691d32fabcadd3e3_240x180.jpg|2023 г., 2 л., робот седан, бензин руль слева, 10 км
Kia K5 III Седан|$ 25 500|https://im.mashina.kg/tachka/images//1/b/f/1bf906428e542e4a048ea51e9c5bca61_240x180.jpg|2020 г., 2 л., автомат седан, бензин руль слева, 95 000 км
Lexus LX|$ 159 500|https://im.mashina.kg/tachka/images//0/5/5/055221fc66e99e02374ccf5082716330_240x180.jpg|2023 г., 3.4 л., автомат внедорожник 5 дв., бензин руль слева, 7 000 км
Lexus GX|$ 24 000|https://im.mashina.kg/tachka/images//7/7/1/7719257714155cee68093b86c277b622_240x180.jpg|2004 г., 4.7 л., автомат внедорожник 5 дв., бензин руль слева, 232 700 км
Lexus RX|$ 72 000|https://im.mashina.kg/tachka/images//4/0/9/409c62307751d0ecccbe7783cb30d449_240x180.jpg|2021 г., 3.5 л., вариатор внедорожник 5 дв., гибрид руль слева, 22 060 км
Hyundai Maxcruz|$ 21 800|https://im.mashina.kg/tachka/images//e/f/0/ef0d62aeff44d5b4cf471be57a63ddc0_240x180.jpg|2016 г., 2.2 л., автомат внедорожник 5 дв., дизель руль слева, 170 000 км
BMW 7 серии|$ 42 000|https://im.mashina.kg/tachka/images//8/0/9/809b5e8b8cc2fc7b6841ebcefbf2f357_240x180.jpg|2017 г., 3 л., автомат седан, дизель руль слева, 120 000 км
Mercedes-Benz S-класс|$ 69 999|https://im.mashina.kg/tachka/images//c/0/3/c033f9475ee813a063a2cc06dccd7279_240x180.jpg|2018 г., 3 л., автомат седан, бензин руль слева, 110 000 км
Lexus RX|$ 49 500|https://im.mashina.kg/tachka/images//3/8/f/38fab8298e0a48e0475f437e61617613_240x180.jpg|2021 г., 3.5 л., автомат внедорожник 5 дв., бензин руль слева, 13 500 км
Land Rover Range Rover|$ 42 999|https://im.mashina.kg/tachka/images//0/c/b/0cbccdc8fed83eeeeb9f809565564397_240x180.jpg|2016 г., 3 л., автомат внедорожник 5 дв., бензин руль слева, 135 000 км
LiXiang L7|$ 61 000|https://im.mashina.kg/tachka/images//0/f/6/0f6d346f101827f11cd83619da3bcd5b_240x180.jpg|2023 г., 1.5 л., автомат внедорожник 5 дв., гибрид руль слева, 20 км
Lexus LX|$ 115 000|https://im.mashina.kg/tachka/images//c/7/2/c72d0c1059948d98bb79e77151236adb_240x180.jpg|2017 г., 5.7 л., автомат внедорожник 5 дв., бензин руль слева, 58 000 км
Hyundai Santa Fe|$ 31 900|https://im.mashina.kg/tachka/images//2/e/6/2e6947a778f50b347ea1b03e2809da0c_240x180.jpg|2019 г., 2 л., автомат внедорожник 5 дв., бензин руль слева, 97 000 км
Toyota Highlander|$ 57 500|https://im.mashina.kg/tachka/images//c/1/8/c185c70a63511a1d812ff91b7d369bb7_240x180.jpg|2023 г., 2.5 л., автомат внедорожник 5 дв., гибрид руль слева, 95 км
Toyota Avalon|$ 40 000|https://im.mashina.kg/tachka/images//9/c/a/9ca41f21a1c5743e2c58031e129afc4b_240x180.jpg|2023 г., 2.5 л., автомат седан, бензин руль слева, 30 км
Toyota Prius|$ 15 300|https://im.mashina.kg/tachka/images//0/f/4/0f4edf20aa0cc83220f14985d883b045_240x180.jpg|2016 г., 1.8 л., автомат лифтбек, гибрид руль слева, 232 645 км
Subaru Outback|$ 32 000|https://im.mashina.kg/tachka/images//f/7/4/f74b21f4ab423fcddc84d6520c13b313_240x180.jpg|2021 г., 2.5 л., вариатор универсал, бензин руль слева, 15 000 км
Hyundai Kona|$ 17 800|https://im.mashina.kg/tachka/images//4/1/2/412351b44164d7c66e807a0177f1f90b_240x180.jpg|2018 г., 1.6 л., робот внедорожник 5 дв., бензин руль слева, 46 891 км
Toyota Camry|$ 32 500|https://im.mashina.kg/tachka/images//c/4/3/c43375d3aa47b994bcb941b6b8ab40d3_240x180.jpg|2019 г., 2.5 л., автомат седан, бензин руль слева, 25 500 км
BMW X7|$ 85 000|https://im.mashina.kg/tachka/images//6/e/0/6e0dc61c9604e2f1eb139bbcf7760069_240x180.jpg|2020 г., 3 л., автомат внедорожник 5 дв., дизель руль слева, 70 000 км
Geely Monjaro|$ 26 700|https://im.mashina.kg/tachka/images//7/4/4/744bbaa5a938ccd63b797e41727e46a4_240x180.jpg|2023 г., 2 л., автомат внедорожник 5 дв., бензин руль слева
Xpeng G9|$ 49 635|https://im.mashina.kg/tachka/images//3/e/f/3ef2fe579d4524bfe7189f86e0e803db_240x180.jpg|2023 г., автомат внедорожник 5 дв., электро руль слева
Toyota Highlander|$ 48 000|https://im.mashina.kg/tachka/images//a/1/b/a1ba9acd9b20efcf2b00aa7862c8583c_240x180.jpg|2021 г., 3.5 л., автомат внедорожник 5 дв., бензин руль слева, 96 000 км
BMW X5|$ 43 700|https://im.mashina.kg/tachka/images//9/4/8/948a5f4ae7d61ba7bd725d641f7acce6_240x180.jpg|2016 г., 3 л., автомат внедорожник 5 дв., дизель руль слева, 250 000 км
Geely Monjaro|$ 33 900|https://im.mashina.kg/tachka/images//6/6/3/6636091d496b1692021aaab48959c41e_240x180.jpg|2023 г., 2 л., автомат внедорожник 5 дв., бензин руль слева
Kia K5 II Седан|$ 14 600|https://im.mashina.kg/tachka/images//c/8/4/c842f6e04c1c3248bd57005ff203e65d_240x180.jpg|2019 г., 2 л., автомат седан, газ руль слева, 146 000 км
Subaru Outback|$ 18 500|https://im.mashina.kg/tachka/images//b/f/4/bf4f18a35bd45cc264e88bdbe0fb9fd7_240x180.jpg|2017 г., 2.5 л., вариатор универсал, бензин руль слева, 110 000 км
Kia K7|$ 19 999|https://im.mashina.kg/tachka/images//8/c/4/8c4b8efa7d069a1fa10164e80c74f027_240x180.jpg|2017 г., 2.4 л., автомат седан, бензин руль слева, 160 000 км
BMW 5 серии|$ 43 500|https://im.mashina.kg/tachka/images//2/1/2/2125f716e4f14ba5b71f48862d06260d_240x180.jpg|2018 г., 3 л., автомат седан, бензин руль слева, 14 000 км
Jetour X95|$ 24 500|https://im.mashina.kg/tachka/images//4/d/2/4d204192b3b6615de4d66160f4c3b5d7_240x180.jpg|2021 г., 1.6 л., робот внедорожник 5 дв., бензин руль слева, 1 000 км
Honda Accord|$ 17 500|https://im.mashina.kg/tachka/images//a/e/b/aeb79e4499bfaf2038de343302592354_240x180.jpg|2015 г., 3.5 л., автомат седан, бензин руль слева, 91 439 км
LiXiang L9|$ 72 000|https://im.mashina.kg/tachka/images//5/b/f/5bfa35e815b0a21b7a6b2019acfb2f4e_240x180.jpg|2023 г., 1.5 л., автомат внедорожник 5 дв., гибрид руль слева, 50 км
Toyota RAV4|$ 38 000|https://im.mashina.kg/tachka/images//3/f/a/3fad54123c81b8e3b49ae3adad413a80_240x180.jpg|2023 г., 2 л., вариатор внедорожник 5 дв., бензин руль слева, 20 км
Geely Monjaro|$ 32 000|https://im.mashina.kg/tachka/images//9/0/3/9031a5fd63fab3332d7f6ee3b1b51e48_240x180.jpg|2023 г., 2 л., автомат внедорожник 5 дв., бензин руль слева, 20 км
Toyota Prius|$ 11 500|https://im.mashina.kg/tachka/images//f/f/6/ff69c310aae4f4aaadc5cf6b6e62deee_240x180.jpg|2011 г., 1.8 л., автомат хэтчбек 5 дв., гибрид руль слева, 211 000 км
BMW X6|$ 85 000|https://im.mashina.kg/tachka/images//b/e/d/bede74bae39cdd346c0e449702c18bc6_240x180.jpg|2021 г., 3 л., автомат внедорожник 5 дв., бензин руль слева, 27 000 км
BMW X6|$ 41 000|https://im.mashina.kg/tachka/images//9/d/5/9d5ca55f45d018d7907756b9328c6f0b_240x180.jpg|2016 г., 4.4 л., автомат внедорожник 5 дв., бензин руль слева, 90 000 км
Honda Accord|$ 7 000|https://im.mashina.kg/tachka/images//9/b/1/9b113adaa805bf9fd5523a23cb1bbb5d_240x180.jpg|2002 г., 2 л., автомат седан, бензин руль справа, 235 214 км
Kia Sportage|$ 21 600|https://im.mashina.kg/tachka/images//2/f/a/2fac30564d77a055f639ecce939fb801_240x180.jpg|2019 г., 2 л., автомат внедорожник 5 дв., дизель руль слева, 112 000 км
Geely Atlas|$ 23 700|https://im.mashina.kg/tachka/images//5/c/f/5cf8615f1eab5ba66f4fd9a918822290_240x180.jpg|2023 г., 1.8 л., автомат внедорожник 5 дв., бензин руль слева
Toyota Avalon|$ 28 800|https://im.mashina.kg/tachka/images//9/4/9/949de37f798a89055dbd88337468b80c_240x180.jpg|2023 г., 2 л., вариатор седан, бензин руль слева, 20 км
Toyota RAV4|$ 33 800|https://im.mashina.kg/tachka/images//f/2/4/f24ff2f2f06cbbf059c1567681ad07d7_240x180.jpg|2023 г., 2 л., вариатор внедорожник 5 дв., бензин руль слева, 20 км
Nissan Altima|$ 14 800|https://im.mashina.kg/tachka/images//e/e/6/ee665b0caa87ff76b5dc75e106a5baaa_240x180.jpg|2017 г., 2.5 л., вариатор седан, бензин руль слева, 175 000 км
Chevrolet Volt|$ 13 800|https://im.mashina.kg/tachka/images//b/5/3/b534458b75d9d8a13778d477848ffe75_240x180.jpg|2013 г., 1.4 л., вариатор хэтчбек 5 дв., гибрид руль слева, 200 000 км
Lexus NX|$ 26 500|https://im.mashina.kg/tachka/images//9/8/9/98974fd0567b31ed67c6b93b08e91c3f_240x180.jpg|2016 г., 2 л., автомат внедорожник 5 дв., бензин руль слева, 85 000 км
Lexus ES|$ 20 500|https://im.mashina.kg/tachka/images//4/2/e/42e560ef456726a84fe430f8ca214ca8_240x180.jpg|2012 г., 2.5 л., вариатор седан, гибрид руль слева, 194 000 км
Subaru Impreza|$ 7 500|https://im.mashina.kg/tachka/images//d/2/b/d2bf9722caac66775d0a9cd884a4dbe1_240x180.jpg|2008 г., 2.5 л., механика хэтчбек 5 дв., бензин руль слева, 230 000 км
EXEED RX|$ 28 000|https://im.mashina.kg/tachka/images//9/7/c/97c31cc17074d0c133248c98dc956878_240x180.jpg|2023 г., 2 л., робот внедорожник 5 дв., бензин руль слева, 15 км
Toyota Highlander|$ 50 500|https://im.mashina.kg/tachka/images//b/5/0/b50602a565af201383dab5a2374c58ed_240x180.jpg|2020 г., 2.5 л., автомат внедорожник 5 дв., гибрид руль слева, 49 000 км
Honda Fit|$ 12 500|https://im.mashina.kg/tachka/images//e/2/3/e23d63cf1465ee051771c494e7f55193_240x180.jpg|2016 г., 1.5 л., вариатор хэтчбек 5 дв., бензин руль слева, 98 000 км
BMW X3|$ 39 000|https://im.mashina.kg/tachka/images//0/2/4/024909695702aa7381a666c6153ea08a_240x180.jpg|2018 г., 2 л., автомат внедорожник 5 дв., дизель руль слева, 132 000 км
EXEED RX|$ 33 000|https://im.mashina.kg/tachka/images//5/9/b/59be3d5be43af149d1a36ef100c66078_240x180.jpg|2023 г., 2 л., робот внедорожник 5 дв., бензин руль слева
Lotus Eletre|$ 138 500|https://im.mashina.kg/tachka/images//2/9/b/29b52680c9f944e8942466abf18d2459_240x180.jpg|2023 г., автомат внедорожник 5 дв., электро руль слева
Zeekr 001|$ 52 500|https://im.mashina.kg/tachka/images//2/5/a/25acb1936ac937e9bdda312a3170f49e_240x180.jpg|2023 г., автомат лифтбек, электро руль слева, 12 км
EXEED Yaoguang|$ 29 000|https://im.mashina.kg/tachka/images//2/d/7/2d760ee38d4bd06d29c5f2ec181be3fe_240x180.jpg|2023 г., 2 л., робот внедорожник 5 дв., бензин руль слева, 71 км
LiXiang L7|$ 50 850|https://im.mashina.kg/tachka/images//0/f/0/0f0154c7abe35d86058c7f8f4d62761a_240x180.jpg|2023 г., 1.5 л., автомат внедорожник 5 дв., гибрид руль слева, 48 км
Jetour Traveller|$ 28 300|https://im.mashina.kg/tachka/images//9/c/b/9cb601956b1b750656de3f9bac242583_240x180.jpg|2023 г., 2 л., автомат внедорожник 5 дв., бензин руль слева
Toyota Prius|$ 13 500|https://im.mashina.kg/tachka/images//b/2/c/b2c2f43b364b5b03d10fe726cbe1d9c2_240x180.jpg|2011 г., 1.8 л., автомат хэтчбек 5 дв., гибрид руль слева, 270 000 км
Toyota Highlander|$ 37 000|https://im.mashina.kg/tachka/images//a/f/1/af1f52539bc015819a3681f69119ef82_240x180.jpg|2017 г., 3.5 л., автомат внедорожник 5 дв., бензин руль слева, 60 000 км
Geely Monjaro|$ 32 500|https://im.mashina.kg/tachka/images//9/5/d/95dadc68eda3bad1d4043d28969c339e_240x180.jpg|2023 г., 2 л., автомат внедорожник 5 дв., бензин руль слева, 30 км
Geely Monjaro|$ 32 000|https://im.mashina.kg/tachka/images//7/a/5/7a5283911b4b8e7d79e249d32048ed52_240x180.jpg|2023 г., 2 л., автомат внедорожник 5 дв., бензин руль слева, 60 км
Kia K9|$ 35 000|https://im.mashina.kg/tachka/images//f/c/0/fc014b39a1ad0a043a73a30f378e5057_240x180.jpg|2020 г., 3.8 л., автомат седан, бензин руль слева, 48 000 км
Toyota Camry|$ 11 700|https://im.mashina.kg/tachka/images//5/2/b/52b29661619e962016ba0f370ff64f09_240x180.jpg|2009 г., 2.5 л., автомат седан, бензин руль слева, 215 000 км
Geely Monjaro|$ 32 200|https://im.mashina.kg/tachka/images//0/3/4/034d0ec7b7f814bcf27d892a026222e1_240x180.jpg|2023 г., 2 л., автомат внедорожник 5 дв., бензин руль слева, 60 км
Geely Monjaro|$ 32 500|https://im.mashina.kg/tachka/images//d/4/d/d4d45c20ab14abf69b89b29d88b52329_240x180.jpg|2023 г., 2 л., автомат внедорожник 5 дв., бензин руль слева, 60 км
Voyah Free|$ 37 381|https://im.mashina.kg/tachka/images//0/d/7/0d75b1cba199b4e3d68162020c7d5359_240x180.jpg|2023 г., 1.5 л., автомат внедорожник 5 дв., гибрид руль слева
Toyota Prius|$ 23 000|https://im.mashina.kg/tachka/images//d/7/8/d7833a9062be0187af90f29d43c42e9c_240x180.jpg|2018 г., 1.8 л., автомат лифтбек, гибрид руль слева, 46 000 км
Lexus CT|$ 13 000|https://im.mashina.kg/tachka/images//7/d/b/7db6fd69daff7cd137b46dae722ef809_240x180.jpg|2016 г., 1.8 л., вариатор хэтчбек 5 дв., гибрид руль слева, 122 000 км
Subaru Legacy|$ 12 400|https://im.mashina.kg/tachka/images//f/a/f/faf851f4b0cf132f7214351001cc1521_240x180.jpg|2016 г., 2.5 л., вариатор седан, бензин руль слева, 210 000 км
BMW X5|$ 8 200|https://im.mashina.kg/tachka/images//f/7/5/f75d8e4acbd20c363adfa0b1b95eb890_240x180.jpg|2001 г., 4.4 л., автомат внедорожник 5 дв., бензин руль слева, 330 000 км
Mercedes-Benz GLA|$ 18 500|https://im.mashina.kg/tachka/images//0/3/a/03a61f1c696028f3a1eedb8b6d68790e_240x180.jpg|2018 г., 2 л., робот внедорожник 5 дв., бензин руль слева, 561 000 км
Kia Carnival|$ 55 000|https://im.mashina.kg/tachka/images//3/e/e/3eef4857a228345b6241aeb135dcc8ba_240x180.jpg|2021 г., 3.5 л., автомат минивэн, бензин руль слева, 20 000 км
EXEED VX|$ 29 500|https://im.mashina.kg/tachka/images//2/4/2/2425a36b6c7f736071d5d8c6a6f873c6_240x180.jpg|2023 г., 2 л., робот внедорожник 5 дв., бензин руль слева, 50 км
Voyah Free|$ 50 900|https://im.mashina.kg/tachka/images//9/c/c/9ccb1273d0c296950067e67284f10a5d_240x180.jpg|2023 г., 1.5 л., автомат внедорожник 5 дв., гибрид руль слева, 5 км
Lexus LX|$ 112 000|https://im.mashina.kg/tachka/images//5/6/e/56e7dfd738403928dc6dca9a7463b01c_240x180.jpg|2018 г., 5.7 л., автомат внедорожник 5 дв., бензин руль слева, 51 000 км
Subaru Tribeca|$ 15 000|https://im.mashina.kg/tachka/images//8/7/b/87bc1c357c406ccb6840ae5e4cc07c6c_240x180.jpg|2008 г., 3.6 л., автомат внедорожник 5 дв., бензин руль слева, 214 000 км
Lexus ES|$ 23 000|https://im.mashina.kg/tachka/images//b/5/d/b5d4153d484a4106295348482ee1fedc_240x180.jpg|2013 г., 2.5 л., вариатор седан, гибрид руль слева, 168 000 км
Lexus GX|$ 55 000|https://im.mashina.kg/tachka/images//2/a/8/2a82fd7682c1a2780f369d11288305a7_240x180.jpg|2018 г., 4.6 л., автомат внедорожник 5 дв., бензин руль слева, 56 000 км
Volkswagen ID.4|$ 28 500|https://im.mashina.kg/tachka/images//0/0/6/006286b3e98eb747f3a04f88ce96b100_240x180.jpg|2022 г., автомат внедорожник 5 дв., электро руль слева, 20 км
Toyota Highlander|$ 39 900|https://im.mashina.kg/tachka/images//3/c/c/3cc8317c59bd58b11fa46b138729af35_240x180.jpg|2021 г., 3.5 л., автомат внедорожник 5 дв., бензин руль слева, 10 800 км
Lexus ES|$ 42 500|https://im.mashina.kg/tachka/images//d/c/8/dc86733b00fc1f7e413f56d6bf90e7cd_240x180.jpg|2019 г., 2.5 л., вариатор седан, гибрид руль слева, 75 000 км
Lexus LX|$ 44 000|https://im.mashina.kg/tachka/images//5/8/6/58656e0407045dfed63c235b819b1057_240x180.jpg|2011 г., 5.7 л., автомат внедорожник 5 дв., бензин руль слева, 100 000 км
BMW X6|$ 27 500|https://im.mashina.kg/tachka/images//3/3/c/33cf542aa438463bfa3e9b9bb707aa5c_240x180.jpg|2014 г., 3 л., автомат внедорожник 5 дв., дизель руль слева, 212 000 км
Chevrolet Volt|$ 12 000|https://im.mashina.kg/tachka/images//4/7/8/478df8a3618999a68c187d4be889b6a0_240x180.jpg|2012 г., 1.4 л., вариатор хэтчбек 5 дв., гибрид руль слева, 10 000 км
Kia Sorento|$ 45 000|https://im.mashina.kg/tachka/images//4/f/2/4f2576e2f578bfc81ed0b83e38a8a6ef_240x180.jpg|2021 г., 2.2 л., робот внедорожник 5 дв., дизель руль слева, 31 700 км
Lexus RX|$ 38 000|https://im.mashina.kg/tachka/images//f/9/7/f97aed91ca3fb23cd283b5f7cd75ad39_240x180.jpg|2017 г., 3.5 л., автомат внедорожник 5 дв., бензин руль слева, 200 000 км
BMW X5|$ 36 500|https://im.mashina.kg/tachka/images//2/a/2/2a2b770d793ec54354f46f17404a6bcc_240x180.jpg|2016 г., 3 л., автомат внедорожник 5 дв., дизель руль слева, 200 000 км
Toyota Camry|$ 18 500|https://im.mashina.kg/tachka/images//5/7/1/5710626092602f03c363c3c78c5b4837_240x180.jpg|2016 г., 2.5 л., автомат седан, бензин руль слева, 130 000 км
Lexus GX|$ 28 888|https://im.mashina.kg/tachka/images//8/0/9/809af52834965b860d972c06dfcb69d0_240x180.jpg|2010 г., 4.6 л., автомат внедорожник 5 дв., бензин руль слева, 170 000 км
GMC Hummer EV|$ 320 000|https://im.mashina.kg/tachka/images//5/5/c/55cae75dfaffbd0d385c3f6cc6e685f7_240x180.jpg|2023 г., автомат пикап двойная кабина, электро руль слева, 3 000 км
Subaru Outback|$ 28 500|https://im.mashina.kg/tachka/images//c/9/b/c9b854189a1b3ea12b686d7ee7a2d07a_240x180.jpg|2020 г., 2.5 л., вариатор универсал, бензин руль слева, 13 500 км
ВАЗ (Lada) 2107|$ 4 021|https://im.mashina.kg/tachka/images//e/d/7/ed7afba0df4022c00861471d2bb6325f_240x180.jpg|2010 г., 1.6 л., механика седан, бензин руль слева, 10 000 км
Kia Mohave (Borrego)|$ 38 000|https://im.mashina.kg/tachka/images//7/5/0/7503b807086623045e7761299911539a_240x180.jpg|2020 г., 3 л., автомат внедорожник 5 дв., дизель руль слева, 44 500 км
Subaru Outback|$ 18 700|https://im.mashina.kg/tachka/images//5/b/2/5b2c32a595231f6200dcebb976c2dd53_240x180.jpg|2016 г., 2.5 л., вариатор универсал, бензин руль слева, 260 000 км
Toyota Camry|$ 33 500|https://im.mashina.kg/tachka/images//d/b/0/db0e6b88921708a55eaae8daceec1e61_240x180.jpg|2019 г., 3.5 л., автомат седан, бензин руль слева, 51 000 км
Lexus GX|$ 48 000|https://im.mashina.kg/tachka/images//d/4/c/d4cd6b7a9e2048b342b874439ed3028f_240x180.jpg|2017 г., 4.6 л., автомат внедорожник 5 дв., бензин руль слева, 55 000 км
Toyota Highlander|$ 43 900|https://im.mashina.kg/tachka/images//1/6/d/16d0ee098d0a9f0ddbc100acd17f444b_240x180.jpg|2021 г., 3.5 л., автомат внедорожник 5 дв., бензин руль слева, 43 000 км
Lexus GX|$ 56 500|https://im.mashina.kg/tachka/images//7/1/2/7121dc67929ab48393054274fcff3a2b_240x180.jpg|2019 г., 4.6 л., автомат внедорожник 5 дв., бензин руль слева, 44 000 км
Toyota Camry|$ 35 300|https://im.mashina.kg/tachka/images//0/1/a/01a7ab34b1f31dcb54b144d9b78eb760_240x180.jpg|2023 г., 2.5 л., автомат седан, бензин руль слева, 7 700 км
BMW X5|$ 138 000|https://im.mashina.kg/tachka/images//c/1/d/c1d5e51960fa61be58f0c703be936744_240x180.jpg|2023 г., 3 л., автомат внедорожник 5 дв., дизель руль слева, 30 км
Toyota Camry|$ 15 800|https://im.mashina.kg/tachka/images//a/6/1/a61f34ea4d3d052320399822eebca10a_240x180.jpg|2015 г., 2.5 л., вариатор седан, гибрид руль слева, 150 000 км
Lexus LX|$ 34 500|https://im.mashina.kg/tachka/images//e/b/9/eb967260547730d07ef72e118e3e4858_240x180.jpg|2008 г., 5.7 л., автомат внедорожник 5 дв., бензин руль слева, 170 000 км
LiXiang L9|$ 71 500|https://im.mashina.kg/tachka/images//6/9/9/699762ba52bb3654e292bf53b13ed176_240x180.jpg|2023 г., 1.5 л., автомат внедорожник 5 дв., гибрид руль слева, 50 км
LiXiang L9|$ 71 500|https://im.mashina.kg/tachka/images//d/2/4/d24e66ae2d5c204a7465e25cae7bf79c_240x180.jpg|2023 г., 1.5 л., автомат внедорожник 5 дв., гибрид руль слева, 50 км
Lexus RX|$ 37 000|https://im.mashina.kg/tachka/images//2/6/b/26b7263138898edc8f63486d2aa38909_240x180.jpg|2019 г., 3.5 л., автомат внедорожник 5 дв., бензин руль слева, 25 480 км
Hyundai Santa Fe|$ 36 000|https://im.mashina.kg/tachka/images//6/7/a/67a158716a06cb0f37e716c35f0e47c5_240x180.jpg|2023 г., 2.5 л., автомат внедорожник 5 дв., бензин руль слева, 3 300 км
Hyundai Palisade|$ 34 500|https://im.mashina.kg/tachka/images//9/5/e/95e180d2a2b622232eda4715ba842074_240x180.jpg|2020 г., 2.2 л., автомат внедорожник 5 дв., дизель руль слева, 100 000 км
Hyundai Grandeur|$ 17 800|https://im.mashina.kg/tachka/images//8/7/5/87546a5022d0cb9557542b649932647e_240x180.jpg|2017 г., 3 л., автомат седан, газ руль слева, 145 000 км
Kia Optima|$ 16 200|https://im.mashina.kg/tachka/images//2/7/d/27d35295c1e38fd05f711f3420d829ba_240x180.jpg|2018 г., 2.4 л., автомат седан, бензин руль слева, 90 000 км
Skoda Kodiaq|$ 42 300|https://im.mashina.kg/tachka/images//9/9/f/99f22c0e1a88dc4a4e1270e154c34b18_240x180.jpg|2023 г., 2 л., робот внедорожник 5 дв., бензин руль слева, 8 км
Geely Xingyue L|$ 32 100|https://im.mashina.kg/tachka/images//b/3/5/b35328eedae3c015494e1e99eb704a15_240x180.jpg|2023 г., 2 л., автомат внедорожник 5 дв., бензин руль слева, 10 км
BMW X7|$ 94 500|https://im.mashina.kg/tachka/images//4/7/7/477e331a73938672d458b5b7aeda2f7b_240x180.jpg|2020 г., 3 л., автомат внедорожник 5 дв., дизель руль слева, 58 000 км
Toyota Camry|$ 20 500|https://im.mashina.kg/tachka/images//0/0/6/006b1ed34f686e2ff2c2af487613104e_240x180.jpg|2016 г., 2.5 л., автомат седан, бензин руль слева, 131 000 км
Chevrolet Suburban|$ 24 500|https://im.mashina.kg/tachka/images//2/e/e/2eec4cbffe994c4c2792b9679cd7820f_240x180.jpg|2007 г., 6 л., автомат внедорожник 5 дв., бензин руль слева, 194 688 км
Lexus RX|$ 23 500|https://im.mashina.kg/tachka/images//8/6/1/861b430a904379d6ae16398df8135067_240x180.jpg|2011 г., 3.5 л., автомат внедорожник 5 дв., бензин руль слева, 112 000 км
BMW 7 серии|$ 14 000|https://im.mashina.kg/tachka/images//b/b/2/bb254632fcae5082b95c95b85d7102f8_240x180.jpg|2010 г., 4.4 л., автомат седан, бензин руль слева, 193 000 км
Mercedes-Benz S-класс|$ 55 000|https://im.mashina.kg/tachka/images//4/d/4/4d44e3a7ea11e5610841958052924e89_240x180.jpg|2017 г., 4.7 л., автомат седан, бензин руль слева, 86 000 км
BMW 7 серии|$ 90 000|https://im.mashina.kg/tachka/images//2/c/9/2c96d1c1372040ceb72de8b45b514c4e_240x180.jpg|2021 г., 3 л., автомат седан, гибрид руль слева, 38 000 км
Mercedes-Benz E-класс|$ 13 500|https://im.mashina.kg/tachka/images//8/6/9/86949de31741c6bd927116f3b8fda219_240x180.jpg|2001 г., 4.3 л., автомат седан, бензин руль слева, 212 000 км
Lexus ES|$ 27 000|https://im.mashina.kg/tachka/images//7/f/6/7f6c4d1ecd3138706821f0c7314b603a_240x180.jpg|2016 г., 2.5 л., автомат седан, бензин руль слева, 140 000 км
Toyota Camry|$ 20 800|https://im.mashina.kg/tachka/images//a/d/2/ad26d0c3fb78a2e8ac13745ed9d5e536_240x180.jpg|2018 г., 2.5 л., вариатор седан, гибрид руль слева, 100 000 км
LiXiang L9|$ 71 000|https://im.mashina.kg/tachka/images//5/f/3/5f3bdd979fc8df6571466e3abb7e6224_240x180.jpg|2023 г., 1.5 л., автомат внедорожник 5 дв., гибрид руль слева, 20 км
Mitsubishi Delica|$ 12 500|https://im.mashina.kg/tachka/images//e/e/9/ee9322c9382dd926da8506de99b936de_240x180.jpg|2003 г., 3 л., автомат минивэн, бензин руль справа, 402 472 км
Lexus RX|$ 15 500|https://im.mashina.kg/tachka/images//6/1/d/61d91f2eaa423b8fa787d6c00c575a2b_240x180.jpg|2008 г., 3.5 л., автомат внедорожник 5 дв., бензин руль слева, 297 707 км
Lexus GS|$ 22 500|https://im.mashina.kg/tachka/images//9/a/4/9a463c36199cf90d3a1b11c64b88cadb_240x180.jpg|2013 г., 3.5 л., автомат седан, бензин руль слева, 17 400 км
Kia Sportage|$ 19 500|https://im.mashina.kg/tachka/images//1/8/d/18d11e0ea96df6133edeca5ec1484102_240x180.jpg|2017 г., 1.7 л., робот внедорожник 5 дв., дизель руль слева, 130 000 км
Toyota Alphard|$ 22 000|https://im.mashina.kg/tachka/images//c/7/6/c76894539aa4adf91e1635a85ad5acfb_240x180.jpg|2009 г., 3.5 л., автомат минивэн, бензин руль справа, 224 000 км
BMW X5|$ 40 000|https://im.mashina.kg/tachka/images//5/6/4/564b1899ab5d03c142c5e9c7b042e58b_240x180.jpg|2016 г., 4.4 л., автомат внедорожник 5 дв., бензин руль слева, 161 000 км
Toyota RAV4|$ 23 500|https://im.mashina.kg/tachka/images//d/f/7/df7569f00259ba512066875a061e8c56_240x180.jpg|2017 г., 2.5 л., вариатор внедорожник 5 дв., гибрид руль слева, 89 000 км
Hyundai Sonata|$ 14 500|https://im.mashina.kg/tachka/images//8/2/5/8253a454910983f81cc303c23d77af2b_240x180.jpg|2018 г., 2 л., автомат седан, газ руль слева, 35 000 км
Toyota 4Runner|$ 22 500|https://im.mashina.kg/tachka/images//1/e/f/1efd616288cf40f53bd57f5744930c6f_240x180.jpg|2005 г., 4 л., автомат внедорожник 5 дв., бензин руль слева, 210 000 км
Toyota Camry|$ 8 300|https://im.mashina.kg/tachka/images//9/d/4/9d4bae13d68cb0332c1c0bdfe8f41c01_240x180.jpg|2005 г., 2.4 л., автомат седан, бензин руль слева, 245 363 км
Honda HR-V|$ 8 041|https://im.mashina.kg/tachka/images//5/1/b/51bb26aa3cbb93165ac765349f0634d4_240x180.jpg|2003 г., 1.6 л., механика внедорожник 5 дв., бензин руль слева, 221 000 км
Lexus RX|$ 14 000|https://im.mashina.kg/tachka/images//d/3/6/d362147b1e1d30b583199b79894de017_240x180.jpg|2004 г., 3.3 л., автомат внедорожник 5 дв., бензин руль слева, 268 000 км
Kia Sorento|$ 22 500|https://im.mashina.kg/tachka/images//0/e/3/0e36a18ac51748988173ae5467e6dc5e_240x180.jpg|2017 г., 2 л., автомат внедорожник 5 дв., дизель руль слева, 142 000 км
Honda Fit|$ 6 300|https://im.mashina.kg/tachka/images//3/b/c/3bc70a50eca5f8dceeb915e023a0c0c6_240x180.jpg|2004 г., 1.5 л., вариатор хэтчбек 5 дв., бензин руль справа, 300 000 км
Kia K5 II Седан|$ 13 500|https://im.mashina.kg/tachka/images//d/7/a/d7a05fe2d5d273a99076a9c30808fe8b_240x180.jpg|2016 г., 2 л., автомат седан, газ руль слева, 143 000 км
Toyota Mark X|$ 5 500|https://im.mashina.kg/tachka/images//6/a/2/6a29391078e430f980ce0f14e55f6770_240x180.jpg|2006 г., 2.5 л., автомат седан, бензин руль справа, 380 000 км
Hyundai Sonata|$ 15 500|https://im.mashina.kg/tachka/images//d/d/f/ddfc9c1a9d9c273bd906a526b1dac32d_240x180.jpg|2017 г., 2 л., автомат седан, газ руль слева, 140 000 км
EXEED RX|$ 35 000|https://im.mashina.kg/tachka/images//b/6/7/b67f5ce0e7f9c0a80c44cdab76c97e36_240x180.jpg|2023 г., 2 л., автомат внедорожник 5 дв., бензин руль слева, 10 км
EXEED RX|$ 35 999|https://im.mashina.kg/tachka/images//7/c/c/7cc1fb99779700d96ec2e0f8bfa4a160_240x180.jpg|2023 г., 2 л., робот внедорожник 5 дв., бензин руль слева, 10 км
Kia Soul|$ 12 500|https://im.mashina.kg/tachka/images//b/b/f/bbf7c69812b8342cea0170a57eb7491b_240x180.jpg|2016 г., 1.6 л., автомат хэтчбек 5 дв., бензин руль слева, 78 000 км
Lexus ES|$ 23 300|https://im.mashina.kg/tachka/images//2/e/e/2ee6cf25009736158019f419d096770c_240x180.jpg|2018 г., 2.5 л., вариатор седан, гибрид руль слева, 37 819 км
Lexus RX|$ 15 500|https://im.mashina.kg/tachka/images//5/8/e/58e982a36150e96dfb6d12b9e9c1cce2_240x180.jpg|2005 г., 3.3 л., автомат внедорожник 5 дв., бензин руль слева, 157 000 км
Kia K5 III Седан|$ 32 100|https://im.mashina.kg/tachka/images//a/7/0/a70f32ed8e501fd8f3987162b72e807e_240x180.jpg|2023 г., 1.6 л., автомат седан, бензин руль слева, 450 км
Lexus RX|$ 69 800|https://im.mashina.kg/tachka/images//e/4/a/e4a527a22254c0a8f01d05b736286376_240x180.jpg|2020 г., 3.5 л., вариатор внедорожник 5 дв., гибрид руль слева, 46 000 км
Kia Sportage|$ 21 000|https://im.mashina.kg/tachka/images//f/5/a/f5af4464a7259dd08f54635eb4bd4ed3_240x180.jpg|2018 г., 2.4 л., автомат внедорожник 5 дв., бензин руль слева, 80 000 км
Mercedes-Benz E-класс AMG|$ 22 999|https://im.mashina.kg/tachka/images//7/e/c/7ec8e989ef963f86b997db4bc6eb40ee_240x180.jpg|2005 г., 5.4 л., автомат седан, бензин руль слева, 128 000 км
Kia Carnival|$ 17 900|https://im.mashina.kg/tachka/images//1/6/c/16c2b8c247dbf41e6d82570736679d4b_240x180.jpg|2016 г., 2.2 л., автомат минивэн, дизель руль слева, 179 000 км
BMW X7|$ 103 000|https://im.mashina.kg/tachka/images//f/c/2/fc2d3bb19ef59d2ad095e5ca9aa87ab3_240x180.jpg|2020 г., 3 л., автомат внедорожник 5 дв., бензин руль слева, 80 000 км
Kia Carnival|$ 26 900|https://im.mashina.kg/tachka/images//b/3/c/b3c3628a0a10f535364c817061e372ff_240x180.jpg|2019 г., 2.2 л., автомат минивэн, дизель руль слева, 93 243 км
SsangYong Rexton Sports|$ 19 800|https://im.mashina.kg/tachka/images//1/3/2/1320762a7d283c7e0d2c502f60651603_240x180.jpg|2018 г., 2.2 л., автомат пикап двойная кабина, дизель руль слева, 48 000 км
Toyota Highlander|$ 23 000|https://im.mashina.kg/tachka/images//1/0/9/109405620d811ca1d54a21c06c9bb7c4_240x180.jpg|2009 г., 3.3 л., вариатор внедорожник 5 дв., гибрид руль слева, 124 000 км
Geely Monjaro|$ 30 600|https://im.mashina.kg/tachka/images//5/9/5/595d7b45e3877134f1181e3022e90284_240x180.jpg|2023 г., 2 л., автомат внедорожник 5 дв., бензин руль слева, 5 км
Geely Preface|$ 26 000|https://im.mashina.kg/tachka/images//6/2/a/62a45b6de56dbce4f1fcaebd2c053535_240x180.jpg|2023 г., 2 л., робот седан, бензин руль слева, 10 км
Geely Monjaro|$ 32 500|https://im.mashina.kg/tachka/images//7/1/3/71392dc3dceb298263c6ab2b09942a6d_240x180.jpg|2023 г., 2 л., автомат внедорожник 5 дв., бензин руль слева
Hyundai Santa Fe|$ 27 500|https://im.mashina.kg/tachka/images//b/0/2/b023aa4a2b514f5c8ee077080609ca8a_240x180.jpg|2018 г., 2 л., автомат внедорожник 5 дв., дизель руль слева, 111 111 км
Kia K7|$ 19 800|https://im.mashina.kg/tachka/images//8/9/e/89ec7c66a58572ee538d7c1cf9a99f74_240x180.jpg|2018 г., 2.4 л., автомат седан, бензин руль слева, 145 000 км
Lexus GX|$ 28 000|https://im.mashina.kg/tachka/images//a/7/2/a72f3fc674aad2633814531826841cac_240x180.jpg|2006 г., 4.7 л., автомат внедорожник 5 дв., бензин руль слева, 245 000 км
Mercedes-Benz GL-класс|$ 23 000|https://im.mashina.kg/tachka/images//7/7/4/7745453305195c5dde935fd1035ec0fa_240x180.jpg|2011 г., 5.5 л., автомат внедорожник 5 дв., бензин руль слева, 212 000 км
Toyota Avalon|$ 29 700|https://im.mashina.kg/tachka/images//c/4/6/c46d6402a30461dbbd0da41ffc283e79_240x180.jpg|2019 г., 2.5 л., вариатор седан, гибрид руль слева, 105 000 км
Toyota Land Cruiser Prado|$ 19 000|https://im.mashina.kg/tachka/images//f/f/6/ff60c7a0ea75c36ab12a641f10f0371b_240x180.jpg|2006 г., 3 л., автомат внедорожник 5 дв., дизель руль слева, 212 000 км
Lexus GX|$ 49 900|https://im.mashina.kg/tachka/images//b/a/c/bac90a41e4966dced7bd339e0d51da04_240x180.jpg|2017 г., 4.6 л., автомат внедорожник 5 дв., бензин руль слева, 50 000 км
BMW 3 серии|$ 20 000|https://im.mashina.kg/tachka/images//a/5/e/a5e0e8afc51f9190c6531170d154916a_240x180.jpg|2016 г., 2 л., автомат седан, бензин руль слева, 12 000 км
Lexus LX|$ 50 000|https://im.mashina.kg/tachka/images//4/a/b/4ab046962c692428fef80a20c0197b8e_240x180.jpg|2012 г., 5.7 л., автомат внедорожник 5 дв., бензин руль слева, 12 000 км
Lexus RX|$ 13 500|https://im.mashina.kg/tachka/images//7/4/e/74e91856daf4ae89a0e6482ddc4a583b_240x180.jpg|2007 г., 3.5 л., автомат внедорожник 5 дв., бензин руль слева, 160 000 км
Hyundai Sonata|$ 13 700|https://im.mashina.kg/tachka/images//c/d/d/cdd95ef52ab26c07d87286a3fffe6d2c_240x180.jpg|2017 г., 2 л., автомат седан, газ руль слева, 146 000 км
Geely Coolray|$ 28 900|https://im.mashina.kg/tachka/images//c/0/1/c01a58c4749148c1c0f5c1518448edf5_240x180.jpg|2023 г., 1.5 л., робот внедорожник 5 дв., бензин руль слева, 20 км
Honda CR-V|$ 11 300|https://im.mashina.kg/tachka/images//2/6/2/262ce1aa0ae67f8e6b00f5aca3ccc5ae_240x180.jpg|2006 г., 2 л., автомат внедорожник 5 дв., бензин руль слева, 212 000 км
ВАЗ (Lada) 2106|$ 1 005|https://im.mashina.kg/tachka/images//e/5/0/e501f6b85dfa93d2afd0495a7458b758_240x180.jpg|1991 г., 1.3 л., механика седан, бензин руль слева, 60 606 км
Honda Civic|$ 5 026|https://im.mashina.kg/tachka/images//2/4/5/24532baa5e15cd7e2711a6706d05d156_240x180.jpg|2002 г., 1.6 л., механика хэтчбек 5 дв., бензин руль слева, 220 000 км
EXEED RX|$ 33 200|https://im.mashina.kg/tachka/images//a/3/4/a34fb40315d51e8dca58e4f070b9ec99_240x180.jpg|2023 г., 2 л., робот внедорожник 5 дв., бензин руль слева, 20 км
Hongqi HS5|$ 99 999||2023 г., 2 л., автомат внедорожник 5 дв., бензин руль слева, 1 км
EXEED RX|$ 33 200|https://im.mashina.kg/tachka/images//7/f/0/7f054833e1929c5939bc85eeabca18ce_240x180.jpg|2023 г., 2 л., робот внедорожник 5 дв., бензин руль слева, 10 км
Toyota Camry (Japan)|$ 9 800|https://im.mashina.kg/tachka/images//7/9/3/793aff71934d065235fb1faa035c3add_240x180.jpg|2008 г., 2.4 л., автомат седан, бензин руль слева, 280 000 км
Toyota Camry|$ 9 800|https://im.mashina.kg/tachka/images//3/f/4/3f48fee1bcfb71eb6ceab264a1d47443_240x180.jpg|2008 г., 2.4 л., автомат седан, бензин руль слева, 280 000 км
EXEED RX|$ 33 200|https://im.mashina.kg/tachka/images//3/5/7/3570799782d613abcc564da4ca4e40b0_240x180.jpg|2023 г., 2 л., робот внедорожник 5 дв., бензин руль слева, 30 км
Mercedes-Benz C-Класс|$ 2 792|https://im.mashina.kg/tachka/images//b/a/2/ba2bb067838a00e4d9ad73b72c402c20_240x180.jpg|1999 г., 2 л., автомат универсал, бензин руль слева, 331 452 км
Subaru Impreza|$ 3 909|https://im.mashina.kg/tachka/images//1/e/5/1e5f4369a7a0fb60befc5cc8f6635ec9_240x180.jpg|2004 г., 1.5 л., автомат универсал, бензин руль справа, 290 000 км
Geely Coolray|$ 20 800|https://im.mashina.kg/tachka/images//c/e/8/ce812ebffbeba85d8cb135758f80cce9_240x180.jpg|2023 г., 1.5 л., робот внедорожник 5 дв., бензин руль слева, 30 км
Hyundai Sonata|$ 11 200|https://im.mashina.kg/tachka/images//9/0/4/904010f4bfe8bb3b1358c99dffbb0cc7_240x180.jpg|2017 г., 2 л., автомат седан, газ руль слева, 138 000 км
Geely Monjaro|$ 35 559|https://im.mashina.kg/tachka/images//6/2/4/62482cc437731a24c7c5ff8d5a58a18e_240x180.jpg|2023 г., 2 л., автомат внедорожник 5 дв., бензин руль слева, 35 км
LiXiang L9|$ 71 499|https://im.mashina.kg/tachka/images//c/b/d/cbdf94a15c8a3d76ee9a67ead28a54a4_240x180.jpg|2023 г., 1.5 л., автомат внедорожник 5 дв., гибрид руль слева, 35 км
Geely Monjaro|$ 32 599|https://im.mashina.kg/tachka/images//9/8/5/98528de54190f6fb7faacc11debfec8f_240x180.jpg|2023 г., 2 л., автомат внедорожник 5 дв., бензин руль слева, 35 км
Toyota RAV4|$ 10 300|https://im.mashina.kg/tachka/images//0/7/d/07d2fe55c9cc1d08b0eed73c0fa8a79d_240x180.jpg|2003 г., 2 л., автомат внедорожник 5 дв., бензин руль слева, 212 000 км
Toyota Highlander|$ 59 969|https://im.mashina.kg/tachka/images//5/a/9/5a937724cd4fded23a8ad05c00a2167d_240x180.jpg|2020 г., 2.5 л., автомат внедорожник 5 дв., гибрид руль слева, 45 000 км
Kia Sorento|$ 22 500|https://im.mashina.kg/tachka/images//a/f/f/affec373905e228b33f548331044c777_240x180.jpg|2018 г., 2.4 л., автомат внедорожник 5 дв., бензин руль слева, 117 000 км
LiXiang L7|$ 60 495|https://im.mashina.kg/tachka/images//7/e/6/7e6cb37b27b3b4dcba04805ff7e3311f_240x180.jpg|2023 г., 1.5 л., автомат внедорожник 5 дв., гибрид руль слева, 35 км
Geely Monjaro|$ 30 555|https://im.mashina.kg/tachka/images//a/3/0/a3099b6b9377cea3a81fed637a84ec88_240x180.jpg|2023 г., 2 л., автомат внедорожник 5 дв., бензин руль слева, 35 км
ВАЗ (Lada) Priora|$ 7 200|https://im.mashina.kg/tachka/images//1/f/3/1f3bea3a427d981be05f92093a68023d_240x180.jpg|2017 г., 1.6 л., механика седан, бензин руль слева, 120 000 км
LiXiang L7|$ 61 990|https://im.mashina.kg/tachka/images//e/1/8/e189f8f903cf0cf12406ebfb2a946aab_240x180.jpg|2023 г., 1.5 л., автомат внедорожник 5 дв., гибрид руль слева, 35 км
Renault Samsung SM6|$ 13 000|https://im.mashina.kg/tachka/images//1/9/5/195ac8a5afdb58f7163eec8aeabcb250_240x180.jpg|2016 г., 1.6 л., робот седан, бензин руль слева, 71 000 км
Kia Sportage|$ 18 800|https://im.mashina.kg/tachka/images//d/1/8/d18320373e13d596956e7a48560f9b71_240x180.jpg|2018 г., 2.4 л., автомат внедорожник 5 дв., бензин руль слева, 93 342 км
ВАЗ (Lada) 2121 (4x4) Нива|$ 3 909|https://im.mashina.kg/tachka/images//d/6/b/d6b69ddad97fee03f613f3aa608a0076_240x180.jpg|2004 г., 1.7 л., механика внедорожник 3 дв., бензин руль слева, 106 000 км
Honda Accord|$ 5 600|https://im.mashina.kg/tachka/images//7/7/3/7735f468c60ee1156bfd8527fcab0c5f_240x180.jpg|2004 г., 2 л., механика седан, бензин руль слева, 299 524 км
Toyota RAV4|$ 12 000|https://im.mashina.kg/tachka/images//c/2/1/c218fb90a681a70405eb936938433f62_240x180.jpg|2007 г., 2.4 л., автомат внедорожник 5 дв., бензин руль слева, 227 000 км
Hyundai Kona|$ 17 400|https://im.mashina.kg/tachka/images//f/b/f/fbfbed5230c453a62db6ab39690b8ce7_240x180.jpg|2018 г., 2 л., автомат внедорожник 5 дв., бензин руль слева, 41 000 км
Mercedes-Benz S-класс|$ 8 700|https://im.mashina.kg/tachka/images//c/8/6/c8602149963622305e90910f719b511a_240x180.jpg|2003 г., 5 л., автомат седан, бензин руль слева, 190 000 км
Suzuki Liana|$ 3 100|https://im.mashina.kg/tachka/images//4/b/2/4b21f9c7e6fba8557f2fa17a00e70f6c_240x180.jpg|2003 г., 1.6 л., автомат седан, бензин руль слева, 300 000 км
Honda Accord|$ 5 026|https://im.mashina.kg/tachka/images//b/b/f/bbf1968920e3efbb06aaae4519c80e8c_240x180.jpg|2000 г., 1.8 л., автомат седан, бензин руль справа, 90 000 км
Mercedes-Benz E-класс|$ 9 800|https://im.mashina.kg/tachka/images//1/0/4/104fcb7ec9fe65d8fceb8cc5a3fc67e0_240x180.jpg|2004 г., 3.2 л., автомат седан, бензин руль слева, 260 000 км
Toyota Land Cruiser|$ 32 000|https://im.mashina.kg/tachka/images//9/8/f/98f46ab81212d425bb5ec157426ea997_240x180.jpg|2008 г., 4.5 л., автомат внедорожник 5 дв., дизель руль слева, 270 000 км
Daewoo Nexia|$ 2 010|https://im.mashina.kg/tachka/images//f/9/1/f916df2059d76647d1efdef64bdf7541_240x180.jpg|2008 г., 1.5 л., механика седан, бензин руль слева, 222 212 км
Hyundai Santa Fe|$ 9 493|https://im.mashina.kg/tachka/images//c/a/b/cabf6c2191193d897c8b19f229403ea0_240x180.jpg|2006 г., 2.2 л., автомат внедорожник 5 дв., дизель руль слева, 218 555 км
GAC GS8|$ 99 999||2023 г., 2 л., автомат внедорожник 5 дв., бензин руль слева, 1 км
Chrysler Sebring|$ 9 000|https://im.mashina.kg/tachka/images//1/5/0/150196e54450bccd48dae7faff322020_240x180.jpg|2008 г., 2.7 л., автомат кабриолет, бензин руль слева, 160 934 км
Alfa Romeo 156|$ 2 500|https://im.mashina.kg/tachka/images//4/6/3/463463ab3515b8ad62acbbba9e680ea9_240x180.jpg|2001 г., 2 л., механика седан, бензин руль слева, 237 000 км
Toyota Camry|$ 17 000|https://im.mashina.kg/tachka/images//4/c/2/4c2d693e0c8c8ac10280c7b1cf554fd0_240x180.jpg|2015 г., 2.5 л., автомат седан, бензин руль слева, 163 000 км
Hyundai Sonata|$ 17 800|https://im.mashina.kg/tachka/images//9/7/6/9768b8b73c03c36299beeb36adeacf82_240x180.jpg|2018 г., 2 л., автомат седан, бензин руль слева, 88 000 км
Mercedes-Benz E-класс|$ 5 600|https://im.mashina.kg/tachka/images//4/5/a/45afc33c9a0031b8e9a6bc9ce53aecdc_240x180.jpg|1998 г., 2.4 л., автомат седан, бензин руль слева, 14 582 км
Kia Optima|$ 12 800|https://im.mashina.kg/tachka/images//9/f/8/9f8583b8d568115a61b08b05e405feb5_240x180.jpg|2019 г., 2.4 л., автомат седан, бензин руль слева, 147 000 км
Hyundai Sonata|$ 18 500|https://im.mashina.kg/tachka/images//1/8/9/189e4f8b3fba4777c166bbf9ba763ac3_240x180.jpg|2018 г., 2 л., автомат седан, бензин руль слева, 41 300 км
Lexus GX|$ 33 000|https://im.mashina.kg/tachka/images//e/a/4/ea45763568a5a414f2136b71145fb618_240x180.jpg|2010 г., 4.6 л., автомат внедорожник 5 дв., бензин руль слева, 167 000 км
Hyundai Sonata|$ 14 800|https://im.mashina.kg/tachka/images//6/1/e/61edf29b2fb5dcdd9fcbcbfa8b61ecb4_240x180.jpg|2018 г., 2 л., автомат седан, газ руль слева, 225 000 км
Subaru Legacy|$ 7 700|https://im.mashina.kg/tachka/images//f/d/0/fd05a05cef65ee9c37b79dc05c899309_240x180.jpg|2005 г., 2 л., автомат седан, бензин руль справа, 211 556 км
Subaru Forester|$ 7 259|https://im.mashina.kg/tachka/images//d/1/9/d1998b498994fbf98dad9903d27e78bc_240x180.jpg|2002 г., 2 л., автомат универсал, бензин руль слева, 299 999 км
Subaru Crosstrek|$ 17 200|https://im.mashina.kg/tachka/images//e/c/2/ec268d34ab9af53a6e5f8b6df534b359_240x180.jpg|2018 г., 2 л., вариатор внедорожник 5 дв., бензин руль слева, 110 000 км
Toyota Prius|$ 10 800|https://im.mashina.kg/tachka/images//1/2/7/127cc7ff1bf3cbe1f879d6363a48081e_240x180.jpg|2006 г., 1.5 л., автомат хэтчбек 5 дв., гибрид руль слева, 219 000 км
ВАЗ (Lada) 2107|$ 893|https://im.mashina.kg/tachka/images//5/2/4/524855ad63b863f93f5c43c5b873a2b6_240x180.jpg|2003 г., 1.5 л., механика седан, бензин руль слева, 57 873 км
Volkswagen Passat|$ 2 792|https://im.mashina.kg/tachka/images//a/0/4/a04f9f7cd972963def5e7d02f579a877_240x180.jpg|1993 г., 1.8 л., механика универсал, бензин руль слева, 280 000 км
SsangYong Korando|$ 7 500|https://im.mashina.kg/tachka/images//d/1/6/d1666a0f584e27cd84935ca4770fd860_240x180.jpg|2002 г., 2.9 л., автомат внедорожник 3 дв., дизель руль слева, 219 000 км
Chevrolet Cruze|$ 11 500|https://im.mashina.kg/tachka/images//5/3/2/532a1ca455b2029254e588db9ded95a7_240x180.jpg|2016 г., 1.4 л., автомат седан, бензин руль слева, 98 000 км
Toyota Opa|$ 6 250|https://im.mashina.kg/tachka/images//1/a/6/1a66042c16452b8a0a73a69fc3ea67d6_240x180.jpg|2000 г., 1.8 л., автомат универсал, бензин руль справа, 215 425 км
Toyota 4Runner|$ 26 499|https://im.mashina.kg/tachka/images//a/f/1/af121fa787318007d005e926fa0106b5_240x180.jpg|2008 г., 4.7 л., автомат внедорожник 5 дв., бензин руль слева, 226 000 км
ВАЗ (Lada) 2121 (4x4) Нива|$ 1 954|https://im.mashina.kg/tachka/images//d/8/9/d8936e2c626a76411edcb0e83a4f74da_240x180.jpg|2000 г., 1.7 л., механика внедорожник 3 дв., бензин руль слева, 168 900 км
BMW 5 серии|$ 9 300|https://im.mashina.kg/tachka/images//5/8/3/583955f655919d671f0c2671716fa4e0_240x180.jpg|2003 г., 2.5 л., автомат седан, бензин руль слева, 320 000 км
Honda Accord|$ 6 800|https://im.mashina.kg/tachka/images//c/8/d/c8d6dce63d9113b272afd6e47e570644_240x180.jpg|2005 г., 2.4 л., автомат седан, бензин руль слева, 205 000 км
Daewoo Matiz|$ 2 122|https://im.mashina.kg/tachka/images//8/b/b/8bbfa8f48f9348d691110523e2986490_240x180.jpg|2006 г., 0.8 л., механика хэтчбек 5 дв., бензин руль слева, 200 000 км
Toyota Camry|$ 9 300|https://im.mashina.kg/tachka/images//e/e/a/eeadb7c56ae832d288a55f3c5fc14c5f_240x180.jpg|2003 г., 2.4 л., автомат седан, бензин руль слева, 320 000 км
ВАЗ (Lada) 2107|$ 3 127|https://im.mashina.kg/tachka/images//b/1/5/b1576b587aaf0a7648fe504812c14197_240x180.jpg|2011 г., 1.6 л., механика седан, бензин руль слева
Daewoo Nexia|$ 1 675|https://im.mashina.kg/tachka/images//5/5/d/55d62dc8e9e55b51d937ace5b5045680_240x180.jpg|2008 г., 1.6 л., механика седан, бензин руль слева, 235 685 км
Hyundai Sonata|$ 19 500|https://im.mashina.kg/tachka/images//4/d/4/4d4358562c8fc0b5149bdb901f53d277_240x180.jpg|2019 г., 2 л., автомат седан, бензин / газ руль слева, 135 000 км
Toyota Highlander|$ 33 500|https://im.mashina.kg/tachka/images//6/2/7/627062832c0acd6149d156f3f2047fef_240x180.jpg|2017 г., 3.5 л., автомат внедорожник 5 дв., бензин руль слева, 112 654 км
Lexus ES|$ 29 200|https://im.mashina.kg/tachka/images//9/2/e/92e625ccb676cedf1fbe8fd290329a2f_240x180.jpg|2018 г., 2.5 л., вариатор седан, гибрид руль слева, 90 000 км
Lexus RX|$ 8 000|https://im.mashina.kg/tachka/images//e/3/f/e3f2617f32b989a92eeef63008346398_240x180.jpg|1999 г., 3 л., автомат внедорожник 5 дв., бензин руль слева, 31 300 км
Toyota RAV4|$ 28 600|https://im.mashina.kg/tachka/images//1/c/5/1c5f36cef743e1d602bf1f89baea388e_240x180.jpg|2019 г., 2.5 л., автомат внедорожник 5 дв., бензин руль слева, 90 000 км
Toyota RAV4|$ 22 500|https://im.mashina.kg/tachka/images//f/f/d/ffd999af56680188e766f50b8b758292_240x180.jpg|2018 г., 2.5 л., автомат внедорожник 5 дв., бензин руль слева, 152 887 км
Toyota Highlander|$ 19 800|https://im.mashina.kg/tachka/images//d/f/d/dfdbae1979f4341b505d731f97189ad4_240x180.jpg|2011 г., 3.5 л., автомат внедорожник 5 дв., бензин руль слева, 156 000 км
Toyota Camry|$ 14 800|https://im.mashina.kg/tachka/images//f/d/e/fde64a99b4d1265796495a034c999d03_240x180.jpg|2015 г., 2.5 л., автомат седан, бензин руль слева, 104 000 км
Lexus ES|$ 42 000|https://im.mashina.kg/tachka/images//0/b/c/0bc00ba63a1db7570401e6b9624f4327_240x180.jpg|2019 г., 2.5 л., вариатор седан, гибрид руль слева, 84 000 км
Voyah Free|$ 50 300|https://im.mashina.kg/tachka/images//0/f/6/0f642237a1aa5845fc229d662c6c27bb_240x180.jpg|2023 г., 1.5 л., автомат внедорожник 5 дв., гибрид руль слева
LiXiang L9|$ 72 000|https://im.mashina.kg/tachka/images//d/c/1/dc135bbdc38ae56871aa84fdb60e956a_240x180.jpg|2023 г., 1.5 л., автомат внедорожник 5 дв., гибрид руль слева
Daewoo Nexia|$ 2 457|https://im.mashina.kg/tachka/images//d/c/8/dc8b79b9ee806d2c53ce06c968d48a2d_240x180.jpg|2010 г., 1.5 л., механика седан, бензин руль слева, 30 000 км
BMW 3 серии|$ 57 000|https://im.mashina.kg/tachka/images//e/3/2/e324f9b004f7298eaa2950dd0c1f7e40_240x180.jpg|2022 г., 2 л., автомат седан, бензин руль слева, 2 000 км
Hyundai Tucson|$ 18 500|https://im.mashina.kg/tachka/images//7/3/f/73f092012ba5fec28032decfa9d5d78f_240x180.jpg|2017 г., 2 л., автомат внедорожник 5 дв., дизель руль слева, 141 000 км
Hyundai Santa Fe|$ 29 500|https://im.mashina.kg/tachka/images//f/b/0/fb091d9628936ed28bd26d020b3d0f60_240x180.jpg|2018 г., 2 л., автомат внедорожник 5 дв., дизель руль слева, 95 000 км
Mercedes-Benz E-класс|$ 21 500|https://im.mashina.kg/tachka/images//c/8/a/c8a91e0ef7e6b3c9d61622953245145c_240x180.jpg|2015 г., 2 л., автомат седан, бензин руль слева, 170 000 км
BMW X6|$ 42 500|https://im.mashina.kg/tachka/images//d/d/a/ddae9eae2425324b2c7985000c2d2ffa_240x180.jpg|2016 г., 3 л., автомат внедорожник 5 дв., дизель руль слева, 158 000 км
Honda e:NS1|$ 23 300|https://im.mashina.kg/tachka/images//6/0/0/6006e9aace0dcb5748e94f8610a05fb0_240x180.jpg|2023 г., автомат внедорожник 5 дв., электро руль слева, 266 км
Lexus GS|$ 12 000|https://im.mashina.kg/tachka/images//0/5/4/05416e9b08c305d2447aff7b1196962a_240x180.jpg|2006 г., 3 л., автомат седан, бензин руль слева, 250 000 км
